{"cameraMode":{"drawMode":0,"name":"Shaded","section":"Shading Mode"},"sceneLighting":false,"audioPlay":false,"sceneViewState":{"m_AlwaysRefresh":false,"showFog":true,"showSkybox":false,"showFlares":true,"showImageEffects":true,"showParticleSystems":true,"showVisualEffectGraphs":true,"m_FxEnabled":true},"in2DMode":false,"pivot":{"x":1.0941967964172364,"y":-0.26095473766326907,"z":-0.6704427003860474},"rotation":{"x":-0.09817517548799515,"y":0.5309410691261292,"z":-0.062066931277513507,"w":-0.8394322395324707},"size":1.4881846904754639,"orthographic":false}