{"cameraMode":{"drawMode":0,"name":"Shaded","section":"Shading Mode"},"sceneLighting":false,"audioPlay":false,"sceneViewState":{"m_AlwaysRefresh":false,"showFog":true,"showSkybox":false,"showFlares":true,"showImageEffects":true,"showParticleSystems":true,"showVisualEffectGraphs":true,"m_FxEnabled":true},"in2DMode":false,"pivot":{"x":3.6475257873535158,"y":8.05512809753418,"z":1.6296405792236329},"rotation":{"x":0.11670046299695969,"y":-0.07590572535991669,"z":0.008944648317992688,"w":0.9902326464653015},"size":15.818949699401856,"orthographic":false}