{"cameraMode":{"drawMode":0,"name":"Shaded","section":"Shading Mode"},"sceneLighting":false,"audioPlay":false,"sceneViewState":{"m_AlwaysRefresh":false,"showFog":true,"showSkybox":false,"showFlares":true,"showImageEffects":true,"showParticleSystems":true,"showVisualEffectGraphs":true,"m_FxEnabled":true},"in2DMode":false,"pivot":{"x":0.22027769684791566,"y":-0.2736673355102539,"z":-0.05663570016622543},"rotation":{"x":0.27104586362838747,"y":0.6387397646903992,"z":-0.2574334740638733,"w":0.6725473999977112},"size":3.913172960281372,"orthographic":false}